{
    "root_group": {
        "name": "",
        "path": "",
        "id": "d41d8cd98f00b204e9800998ecf8427e",
        "groups": {},
        "checks": {
                "event 200": {
                    "name": "event 200",
                    "path": "::event 200",
                    "id": "2960fe5baba029eb3c571090547b734b",
                    "passes": 384,
                    "fails": 0
                },
                "invite 200": {
                    "path": "::invite 200",
                    "id": "20451f5628aa2f540aaf031ba006b57b",
                    "passes": 0,
                    "fails": 1270,
                    "name": "invite 200"
                },
                "invites 200": {
                    "path": "::invites 200",
                    "id": "54bab3f71ebbc411ba2bec7b9b2e6d7c",
                    "passes": 384,
                    "fails": 0,
                    "name": "invites 200"
                },
                "matrix 200": {
                    "name": "matrix 200",
                    "path": "::matrix 200",
                    "id": "fa02c33fd45cd3c379f2406176a2fbd3",
                    "passes": 384,
                    "fails": 0
                }
            }
    },
    "metrics": {
        "http_req_blocked": {
            "avg": 4.796659207266722,
            "min": 0,
            "med": 0,
            "max": 178.1167,
            "p(90)": 0,
            "p(95)": 0
        },
        "http_req_tls_handshaking": {
            "p(95)": 0,
            "avg": 2.9986402559867873,
            "min": 0,
            "med": 0,
            "max": 116.9662,
            "p(90)": 0
        },
        "http_req_sending": {
            "min": 0,
            "med": 0,
            "max": 5.5057,
            "p(90)": 0.52024,
            "p(95)": 0.6319499999999998,
            "avg": 0.11056065235342684
        },
        "http_req_duration{expected_response:true}": {
            "p(90)": 214.80373,
            "p(95)": 317.3172050000005,
            "avg": 202.4680751736113,
            "min": 43.7687,
            "med": 199.01465000000002,
            "max": 1105.3172
        },
        "vus_max": {
            "min": 70,
            "max": 70,
            "value": 70
        },
        "vus": {
            "min": 26,
            "max": 70,
            "value": 26
        },
        "http_req_duration": {
            "p(95)": 498.70085499999925,
            "avg": 202.64403980181646,
            "min": 42.9488,
            "med": 197.97705,
            "max": 1105.3172,
            "p(90)": 225.2477300000002
        },
        "data_sent": {
            "count": 133252,
            "rate": 4249.055425240567
        },
        "http_req_waiting": {
            "p(90)": 224.41954000000015,
            "p(95)": 496.2986049999995,
            "avg": 202.3474859207266,
            "min": 42.9488,
            "med": 197.7569,
            "max": 1105.3172
        },
        "http_req_receiving": {
            "max": 31.5864,
            "p(90)": 0.6199,
            "p(95)": 0.8505599999999999,
            "avg": 0.18599322873658117,
            "min": 0,
            "med": 0
        },
        "http_req_connecting": {
            "med": 0,
            "max": 21.8275,
            "p(90)": 0,
            "p(95)": 0,
            "avg": 0.53901779521057,
            "min": 0
        },
        "http_req_failed": {
            "passes": 1270,
            "fails": 1152,
            "value": 0.5243600330305532
        },
        "iterations": {
            "count": 1654,
            "rate": 52.741704990153224
        },
        "http_reqs": {
            "count": 2422,
            "rate": 77.23120283322316
        },
        "iteration_duration": {
            "avg": 1304.4685168077388,
            "min": 1043.74,
            "med": 1199.81275,
            "max": 2402.7005,
            "p(90)": 1615.02282,
            "p(95)": 1807.0359
        },
        "checks": {
            "passes": 1152,
            "fails": 1270,
            "value": 0.4756399669694467
        },
        "data_received": {
            "count": 634882,
            "rate": 20244.715325005116
        }
    }
}